{
	"matchid": 12089,
	"team": 2,
	"teamid": 115923,
	"playerid": 842343,
	"steam": "STEAM_1:0:452063453",
	"name": "mTs",
	"position": 6,
	"level": 9,
	"medal": 2,
	"connect": [
		"2019-01-21T21:27:07.066Z"
	],
	"connected": false,
	"disconnected": [
		"2019-01-21T22:39:04.210Z"
	]
}
{
	"matchid": 12089,
	"team": 2,
	"teamid": 115923,
	"playerid": 490793,
	"steam": "STEAM_1:0:140448957",
	"name": "TrN",
	"position": 2,
	"level": 9,
	"medal": 2,
	"connect": [
		"2019-01-21T21:26:50.580Z"
	],
	"connected": false,
	"disconnected": [
		"2019-01-21T22:38:43.749Z"
	]
}
{
	"matchid": 12089,
	"team": 1,
	"teamid": 111891,
	"playerid": 748742,
	"steam": "STEAM_1:1:438601636",
	"name": "BoavaZ",
	"position": 6,
	"level": 10,
	"medal": 2
}
{
	"matchid": 12089,
	"team": 2,
	"teamid": 115923,
	"playerid": 490800,
	"steam": "STEAM_1:0:158876999",
	"name": "B4rreto",
	"position": 5,
	"level": 7,
	"medal": 2,
	"connect": [
		"2019-01-21T21:26:54.729Z"
	],
	"connected": false,
	"disconnected": [
		"2019-01-21T22:39:51.891Z"
	]
}
{
	"matchid": 12089,
	"team": 1,
	"teamid": 111891,
	"playerid": 699301,
	"steam": "STEAM_1:1:87567579",
	"name": "SPLINTEYY",
	"position": 1,
	"level": 10,
	"medal": 2,
	"connect": [
		"2019-01-21T21:27:14.735Z"
	],
	"connected": false,
	"disconnected": [
		"2019-01-21T22:38:44.723Z"
	]
}
{
	"matchid": 12089,
	"team": 2,
	"teamid": 115923,
	"playerid": 260005,
	"steam": "STEAM_1:0:64113839",
	"name": "FLX",
	"position": 4,
	"level": 10,
	"medal": 2,
	"connect": [
		"2019-01-21T21:29:18.017Z",
		"2019-01-21T21:30:15.064Z",
		"2019-01-21T21:32:30.109Z"
	],
	"connected": false,
	"disconnected": [
		"2019-01-21T21:29:27.142Z",
		"2019-01-21T21:30:28.449Z",
		"2019-01-21T22:39:55.743Z"
	]
}
{
	"matchid": 12089,
	"team": 1,
	"teamid": 111891,
	"playerid": 320081,
	"steam": "STEAM_1:1:173485831",
	"name": "Aj-",
	"position": 4,
	"level": 7,
	"medal": 2,
	"connect": [
		"2019-01-21T21:27:00.441Z"
	],
	"connected": false,
	"disconnected": [
		"2019-01-21T22:38:38.885Z"
	]
}
{
	"matchid": 12089,
	"team": 2,
	"teamid": 115923,
	"playerid": 450808,
	"steam": "STEAM_1:1:222687512",
	"name": "VnC *",
	"position": 3,
	"level": 7,
	"medal": 2,
	"connect": [
		"2019-01-21T21:28:19.594Z"
	],
	"connected": false,
	"disconnected": [
		"2019-01-21T22:39:06.916Z"
	]
}
{
	"matchid": 12089,
	"team": 1,
	"teamid": 111891,
	"playerid": 346110,
	"steam": "STEAM_1:0:139278345",
	"name": "Vih",
	"position": 7,
	"level": 18,
	"medal": 2,
	"connect": [
		"2019-01-21T21:27:26.399Z",
		"2019-01-21T22:00:42.480Z"
	],
	"connected": false,
	"disconnected": [
		"2019-01-21T21:31:02.198Z",
		"2019-01-21T22:38:33.025Z"
	]
}
{
	"matchid": 12089,
	"team": 1,
	"teamid": 111891,
	"playerid": 510345,
	"steam": "STEAM_1:0:232843134",
	"name": "Luizera",
	"position": 3,
	"level": 10,
	"medal": 2,
	"connect": [
		"2019-01-21T21:26:54.932Z"
	],
	"connected": false,
	"disconnected": [
		"2019-01-21T22:38:32.871Z"
	]
}
{
	"matchid": 12089,
	"team": 1,
	"teamid": 111891,
	"playerid": 528828,
	"steam": "STEAM_1:1:235495410",
	"name": "s!Lva.",
	"position": 5,
	"level": 11,
	"medal": 2,
	"connect": [
		"2019-01-21T21:28:41.662Z",
		"2019-01-21T22:20:57.860Z"
	],
	"connected": false,
	"disconnected": [
		"2019-01-21T22:18:30.107Z",
		"2019-01-21T22:39:11.042Z"
	]
}
{
	"matchid": 12089,
	"team": 1,
	"teamid": 111891,
	"playerid": 867072,
	"steam": "STEAM_1:0:232312327",
	"name": "cArdozoo",
	"position": 2,
	"level": 10,
	"medal": 2,
	"connect": [
		"2019-01-21T21:26:49.606Z"
	],
	"connected": false,
	"disconnected": [
		"2019-01-21T22:38:36.917Z"
	]
}
