{
	"matchid": 14520,
	"team": 2,
	"teamid": 118811,
	"playerid": 741474,
	"steam": "STEAM_1:1:437658702",
	"name": "hNk",
	"position": 1,
	"level": 9,
	"medal": 2,
	"connect": [
		"2019-02-16T19:15:54.627Z"
	],
	"connected": false,
	"disconnected": [
		"2019-02-16T19:55:43.144Z"
	]
}
{
	"matchid": 14520,
	"team": 1,
	"teamid": 96330,
	"playerid": 544225,
	"steam": "STEAM_1:0:240623640",
	"name": "GHITTO",
	"position": 6,
	"level": 11,
	"medal": 2,
	"connect": [
		"2019-02-16T19:16:26.325Z"
	],
	"connected": false,
	"disconnected": [
		"2019-02-16T19:55:48.976Z"
	]
}
{
	"matchid": 14520,
	"team": 1,
	"teamid": 96330,
	"playerid": 459159,
	"steam": "STEAM_1:0:217229548",
	"name": "MedeirosR",
	"position": 2,
	"level": 8,
	"medal": 2
}
{
	"matchid": 14520,
	"team": 2,
	"teamid": 118811,
	"playerid": 564782,
	"steam": "STEAM_1:1:214522976",
	"name": "GabrielZoro",
	"position": 4,
	"level": 2,
	"medal": 2,
	"connect": [
		"2019-02-16T19:15:55.668Z"
	],
	"connected": false,
	"disconnected": [
		"2019-02-16T19:55:39.720Z"
	]
}
{
	"matchid": 14520,
	"team": 1,
	"teamid": 96330,
	"playerid": 264848,
	"steam": "STEAM_1:1:195394708",
	"name": "#FER O FERMEIRO #FORCACHAPE",
	"position": 5,
	"level": 8,
	"medal": 2,
	"connect": [
		"2019-02-16T19:16:16.895Z"
	],
	"connected": false,
	"disconnected": [
		"2019-02-16T19:55:50.493Z"
	]
}
{
	"matchid": 14520,
	"team": 2,
	"teamid": 118811,
	"playerid": 885033,
	"steam": "STEAM_1:0:147368955",
	"name": "Orck",
	"position": 3,
	"level": 2,
	"medal": 2,
	"connect": [
		"2019-02-16T19:15:57.301Z"
	],
	"connected": false,
	"disconnected": [
		"2019-02-16T19:55:56.881Z"
	]
}
{
	"matchid": 14520,
	"team": 1,
	"teamid": 96330,
	"playerid": 539375,
	"steam": "STEAM_1:0:233260003",
	"name": "nrs",
	"position": 3,
	"level": 9,
	"medal": 2,
	"connect": [
		"2019-02-16T19:16:17.825Z"
	],
	"connected": false,
	"disconnected": [
		"2019-02-16T19:55:48.544Z"
	]
}
{
	"matchid": 14520,
	"team": 2,
	"teamid": 118811,
	"playerid": 961195,
	"steam": "STEAM_1:0:467370116",
	"name": "Stew-J",
	"position": 6,
	"level": 6,
	"medal": 2,
	"connect": [
		"2019-02-16T19:17:00.043Z"
	],
	"connected": false,
	"disconnected": [
		"2019-02-16T19:55:48.396Z"
	]
}
{
	"matchid": 14520,
	"team": 2,
	"teamid": 118811,
	"playerid": 632511,
	"steam": "STEAM_1:0:198069412",
	"name": "Dragons Muca",
	"position": 5,
	"level": 5,
	"medal": 2,
	"connect": [
		"2019-02-16T19:15:59.793Z"
	],
	"connected": false,
	"disconnected": [
		"2019-02-16T19:55:52.249Z"
	]
}
{
	"matchid": 14520,
	"team": 1,
	"teamid": 96330,
	"playerid": 786283,
	"steam": "STEAM_1:1:439965739",
	"name": "♦R$M♦ #GOFURIA",
	"position": 4,
	"level": 10,
	"medal": 2,
	"connect": [
		"2019-02-16T19:15:55.839Z"
	],
	"connected": false,
	"disconnected": [
		"2019-02-16T19:55:43.500Z"
	]
}
{
	"matchid": 14520,
	"team": 1,
	"teamid": 96330,
	"playerid": 833080,
	"steam": "STEAM_1:0:450753038",
	"name": "FLPWOWZK1",
	"position": 3,
	"level": 8,
	"medal": 2,
	"connect": [
		"2019-02-16T19:17:37.605Z"
	],
	"connected": false,
	"disconnected": [
		"2019-02-16T19:55:53.714Z"
	]
}
{
	"matchid": 14520,
	"team": 1,
	"teamid": 96330,
	"playerid": 686413,
	"steam": "STEAM_1:1:124149115",
	"name": "Zeni",
	"position": 7,
	"level": 6,
	"medal": 2,
	"connect": [
		"2019-02-16T19:15:54.444Z"
	],
	"connected": false,
	"disconnected": [
		"2019-02-16T19:25:57.016Z"
	]
}
