{
	"matchid": 12742,
	"team": 2,
	"teamid": 111892,
	"playerid": 360049,
	"steam": "STEAM_1:0:198995618",
	"name": "nokY",
	"position": 6,
	"level": 9,
	"medal": 2,
	"connect": [
		"2019-01-26T16:22:02.899Z"
	],
	"connected": false,
	"disconnected": [
		"2019-01-26T17:35:31.783Z"
	]
}
{
	"matchid": 12742,
	"team": 1,
	"teamid": 111891,
	"playerid": 748742,
	"steam": "STEAM_1:1:438601636",
	"name": "BoavaZ",
	"position": 6,
	"level": 11,
	"medal": 2,
	"connect": [
		"2019-01-26T16:00:38.936Z",
		"2019-01-26T17:00:32.952Z",
		"2019-01-26T17:03:35.930Z"
	],
	"connected": false,
	"disconnected": [
		"2019-01-26T16:53:48.896Z",
		"2019-01-26T17:01:34.024Z",
		"2019-01-26T17:35:29.415Z"
	]
}
{
	"matchid": 12742,
	"team": 2,
	"teamid": 111892,
	"playerid": 516440,
	"steam": "STEAM_1:0:187142840",
	"name": "Sergio",
	"position": 3,
	"level": 4,
	"medal": 2,
	"connect": [
		"2019-01-26T15:58:34.062Z"
	],
	"connected": false,
	"disconnected": [
		"2019-01-26T17:35:36.075Z"
	]
}
{
	"matchid": 12742,
	"team": 1,
	"teamid": 111891,
	"playerid": 699301,
	"steam": "STEAM_1:1:87567579",
	"name": "SPLINTEYY",
	"position": 1,
	"level": 11,
	"medal": 2,
	"connect": [
		"2019-01-26T15:59:34.570Z"
	],
	"connected": false,
	"disconnected": [
		"2019-01-26T17:35:24.937Z"
	]
}
{
	"matchid": 12742,
	"team": 2,
	"teamid": 111892,
	"playerid": 370318,
	"steam": "STEAM_1:0:111484141",
	"name": "S e V e N",
	"position": 4,
	"level": 8,
	"medal": 2,
	"connect": [
		"2019-01-26T15:58:35.875Z"
	],
	"connected": true
}
{
	"matchid": 12742,
	"team": 1,
	"teamid": 111891,
	"playerid": 320081,
	"steam": "STEAM_1:1:173485831",
	"name": "Aj-",
	"position": 4,
	"level": 9,
	"medal": 2,
	"connect": [
		"2019-01-26T15:58:09.587Z"
	],
	"connected": false,
	"disconnected": [
		"2019-01-26T17:35:27.330Z"
	]
}
{
	"matchid": 12742,
	"team": 2,
	"teamid": 111892,
	"playerid": 145417,
	"steam": "STEAM_1:0:24234752",
	"name": "Zof",
	"position": 1,
	"level": 10,
	"medal": 2
}
{
	"matchid": 12742,
	"team": 1,
	"teamid": 111891,
	"playerid": 346110,
	"steam": "STEAM_1:0:139278345",
	"name": "Vih",
	"position": 7,
	"level": 19,
	"medal": 2,
	"connect": [
		"2019-01-26T15:58:09.711Z"
	],
	"connected": true
}
{
	"matchid": 12742,
	"team": 2,
	"teamid": 111892,
	"playerid": 275004,
	"steam": "STEAM_1:1:171343370",
	"name": "Deael",
	"position": 3,
	"level": 7,
	"medal": 2,
	"connect": [
		"2019-01-26T15:58:17.041Z"
	],
	"connected": false,
	"disconnected": [
		"2019-01-26T17:35:31.524Z"
	]
}
{
	"matchid": 12742,
	"team": 1,
	"teamid": 111891,
	"playerid": 510345,
	"steam": "STEAM_1:0:232843134",
	"name": "Luizera",
	"position": 3,
	"level": 9,
	"medal": 2,
	"connect": [
		"2019-01-26T15:59:16.542Z"
	],
	"connected": false,
	"disconnected": [
		"2019-01-26T17:35:24.761Z"
	]
}
{
	"matchid": 12742,
	"team": 2,
	"teamid": 111892,
	"playerid": 632181,
	"steam": "STEAM_1:1:423887286",
	"name": "xWilxD",
	"position": 3,
	"level": 8,
	"medal": 2,
	"connect": [
		"2019-01-26T15:58:23.772Z",
		"2019-01-26T15:58:42.680Z",
		"2019-01-26T16:00:58.079Z",
		"2019-01-26T16:02:22.125Z"
	],
	"connected": false,
	"disconnected": [
		"2019-01-26T15:58:36.134Z",
		"2019-01-26T15:58:48.857Z",
		"2019-01-26T16:01:24.231Z",
		"2019-01-26T17:35:32.736Z"
	]
}
{
	"matchid": 12742,
	"team": 1,
	"teamid": 111891,
	"playerid": 528828,
	"steam": "STEAM_1:1:235495410",
	"name": "s!Lva.",
	"position": 5,
	"level": 10,
	"medal": 2,
	"connect": [
		"2019-01-26T15:59:20.094Z"
	],
	"connected": false,
	"disconnected": [
		"2019-01-26T17:36:12.124Z"
	]
}
{
	"matchid": 12742,
	"team": 2,
	"teamid": 111892,
	"playerid": 783363,
	"steam": "STEAM_1:0:201916635",
	"name": "Ahhhhhh-_-_-_-",
	"position": 3,
	"level": 12,
	"medal": 2
}
{
	"matchid": 12742,
	"team": 1,
	"teamid": 111891,
	"playerid": 867072,
	"steam": "STEAM_1:0:232312327",
	"name": "cArdozoo",
	"position": 2,
	"level": 10,
	"medal": 2
}
