{
	"matchid": 15756,
	"team": 1,
	"teamid": 111686,
	"playerid": 11814,
	"steam": "STEAM_1:1:22817620",
	"name": "Lenin",
	"position": 6,
	"level": 17,
	"medal": 2,
	"connect": [
		"2019-02-27T01:03:24.876Z"
	],
	"connected": false,
	"disconnected": [
		"2019-02-27T02:21:16.862Z"
	]
}
{
	"matchid": 15756,
	"team": 2,
	"teamid": 72642,
	"playerid": 16230,
	"steam": "STEAM_1:1:101746244",
	"name": "giamcb !",
	"position": 1,
	"level": 18,
	"medal": 2
}
{
	"matchid": 15756,
	"team": 1,
	"teamid": 111686,
	"playerid": 288120,
	"steam": "STEAM_1:1:19812900",
	"name": "No grau nóis pega uma pepeca",
	"position": 5,
	"level": 19,
	"medal": 2,
	"connect": [
		"2019-02-27T01:00:25.123Z"
	],
	"connected": false,
	"disconnected": [
		"2019-02-27T02:20:48.938Z"
	]
}
{
	"matchid": 15756,
	"team": 2,
	"teamid": 72642,
	"playerid": 87518,
	"steam": "STEAM_1:0:168946769",
	"name": "BNdTeT",
	"position": 3,
	"level": 20,
	"medal": 2,
	"connect": [
		"2019-02-27T00:59:34.945Z"
	],
	"connected": true
}
{
	"matchid": 15756,
	"team": 1,
	"teamid": 111686,
	"playerid": 237533,
	"steam": "STEAM_1:1:20692811",
	"name": "czr-",
	"position": 3,
	"level": 18,
	"medal": 2
}
{
	"matchid": 15756,
	"team": 2,
	"teamid": 72642,
	"playerid": 96500,
	"steam": "STEAM_1:1:104121619",
	"name": "pdr",
	"position": 3,
	"level": 16,
	"medal": 2,
	"connect": [
		"2019-02-27T01:03:44.078Z"
	],
	"connected": false,
	"disconnected": [
		"2019-02-27T02:21:13.696Z"
	]
}
{
	"matchid": 15756,
	"team": 1,
	"teamid": 111686,
	"playerid": 21668,
	"steam": "STEAM_1:0:43821803",
	"name": "Karaka",
	"position": 4,
	"level": 20,
	"medal": 2,
	"connect": [
		"2019-02-27T01:06:04.750Z",
		"2019-02-27T01:14:39.267Z"
	],
	"connected": false,
	"disconnected": [
		"2019-02-27T01:14:38.188Z",
		"2019-02-27T02:21:16.144Z"
	]
}
{
	"matchid": 15756,
	"team": 2,
	"teamid": 72642,
	"playerid": 91956,
	"steam": "STEAM_1:0:25924954",
	"name": "GuiKao",
	"position": 3,
	"level": 14,
	"medal": 2
}
{
	"matchid": 15756,
	"team": 1,
	"teamid": 111686,
	"playerid": 175097,
	"steam": "STEAM_1:1:68564776",
	"name": "Nickzz",
	"position": 3,
	"level": 11,
	"medal": 2
}
{
	"matchid": 15756,
	"team": 2,
	"teamid": 72642,
	"playerid": 191365,
	"steam": "STEAM_1:0:117413513",
	"name": "noway",
	"position": 3,
	"level": 18,
	"medal": 2
}
{
	"matchid": 15756,
	"team": 1,
	"teamid": 111686,
	"playerid": 24774,
	"steam": "STEAM_1:0:39424914",
	"name": "-kmmzera9",
	"position": 3,
	"level": 20,
	"medal": 2,
	"connect": [
		"2019-02-27T01:06:11.509Z",
		"2019-02-27T01:16:27.712Z"
	],
	"connected": false,
	"disconnected": [
		"2019-02-27T01:12:12.866Z",
		"2019-02-27T02:21:18.062Z"
	]
}
{
	"matchid": 15756,
	"team": 2,
	"teamid": 72642,
	"playerid": 36728,
	"steam": "STEAM_1:0:81565296",
	"name": "neNz1e",
	"position": 3,
	"level": 20,
	"medal": 2
}
{
	"matchid": 15756,
	"team": 1,
	"teamid": 111686,
	"playerid": 124682,
	"steam": "STEAM_1:1:129053815",
	"name": "L14TZ",
	"position": 1,
	"level": 17,
	"medal": 2,
	"connect": [
		"2019-02-27T00:58:42.426Z",
		"2019-02-27T01:12:38.917Z"
	],
	"connected": false,
	"disconnected": [
		"2019-02-27T01:10:04.731Z",
		"2019-02-27T02:21:13.518Z"
	]
}
{
	"matchid": 15756,
	"team": 2,
	"teamid": 72642,
	"playerid": 63268,
	"steam": "STEAM_1:1:121497842",
	"name": "Forkizera",
	"position": 3,
	"level": 20,
	"medal": 2,
	"connect": [
		"2019-02-27T01:03:02.617Z"
	],
	"connected": false,
	"disconnected": [
		"2019-02-27T02:21:21.105Z"
	]
}
{
	"matchid": 15756,
	"steam": "STEAM_1:0:136848856",
	"level": 20,
	"medal": 2,
	"name": "dudE fb/dudeskins",
	"playerid": 316361,
	"position": 3,
	"team": 2,
	"teamid": 72642,
	"connect": [
		"2019-02-27T01:02:44.271Z"
	],
	"connected": false,
	"disconnected": [
		"2019-02-27T02:21:22.361Z"
	]
}
{
	"matchid": 15756,
	"steam": "STEAM_1:1:18525637",
	"level": 20,
	"medal": 2,
	"name": "gangsta paradise",
	"playerid": 232178,
	"position": 3,
	"team": 2,
	"teamid": 72642,
	"connect": [
		"2019-02-27T01:11:34.829Z"
	],
	"connected": false,
	"disconnected": [
		"2019-02-27T02:21:12.232Z"
	]
}
