{
	"matchid": 16541,
	"team": 1,
	"teamid": 12770,
	"playerid": 583016,
	"steam": "STEAM_1:1:39505396",
	"name": "probot *w99oldschool",
	"position": 5,
	"level": 18,
	"medal": 2,
	"connect": [
		"2019-03-09T20:20:58.633Z"
	],
	"connected": false,
	"disconnected": [
		"2019-03-09T21:14:24.756Z"
	]
}
{
	"matchid": 16541,
	"team": 2,
	"teamid": 117636,
	"playerid": 11666,
	"steam": "STEAM_1:0:34705194",
	"name": "nidai",
	"position": 2,
	"level": 19,
	"medal": 2,
	"connect": [
		"2019-03-09T20:14:07.894Z"
	],
	"connected": false,
	"disconnected": [
		"2019-03-09T21:14:06.646Z"
	]
}
{
	"matchid": 16541,
	"team": 1,
	"teamid": 12770,
	"playerid": 812797,
	"steam": "STEAM_1:1:447676763",
	"name": "prnTIROHONESTO",
	"position": 4,
	"level": 20,
	"medal": 2,
	"connect": [
		"2019-03-09T20:20:57.297Z"
	],
	"connected": false,
	"disconnected": [
		"2019-03-09T21:14:11.574Z"
	]
}
{
	"matchid": 16541,
	"team": 2,
	"teamid": 117636,
	"playerid": 33807,
	"steam": "STEAM_1:0:151160236",
	"name": "nesk",
	"position": 6,
	"level": 18,
	"medal": 2,
	"connect": [
		"2019-03-09T20:14:26.285Z"
	],
	"connected": false,
	"disconnected": [
		"2019-03-09T21:14:24.949Z"
	]
}
{
	"matchid": 16541,
	"team": 2,
	"teamid": 117636,
	"playerid": 46408,
	"steam": "STEAM_1:1:20422209",
	"name": "flaYZAO",
	"position": 3,
	"level": 19,
	"medal": 2,
	"connect": [
		"2019-03-09T20:11:16.002Z"
	],
	"connected": false,
	"disconnected": [
		"2019-03-09T21:14:06.397Z"
	]
}
{
	"matchid": 16541,
	"team": 1,
	"teamid": 12770,
	"playerid": 130790,
	"steam": "STEAM_1:1:23740525",
	"name": "s:^",
	"position": 2,
	"level": 19,
	"medal": 2
}
{
	"matchid": 16541,
	"team": 2,
	"teamid": 117636,
	"playerid": 79195,
	"steam": "STEAM_1:0:10154696",
	"name": "A_ToRaTi`",
	"position": 4,
	"level": 20,
	"medal": 2,
	"connect": [
		"2019-03-09T20:12:19.418Z"
	],
	"connected": false,
	"disconnected": [
		"2019-03-09T21:14:07.317Z"
	]
}
{
	"matchid": 16541,
	"team": 1,
	"teamid": 12770,
	"playerid": 74475,
	"steam": "STEAM_1:1:33171801",
	"name": "brNpcj",
	"position": 3,
	"level": 20,
	"medal": 2
}
{
	"matchid": 16541,
	"team": 2,
	"teamid": 117636,
	"playerid": 76025,
	"steam": "STEAM_1:1:8269721",
	"name": "momenteee",
	"position": 1,
	"level": 20,
	"medal": 2,
	"connect": [
		"2019-03-09T20:12:46.574Z"
	],
	"connected": false,
	"disconnected": [
		"2019-03-09T21:14:04.055Z"
	]
}
{
	"matchid": 16541,
	"team": 1,
	"teamid": 12770,
	"playerid": 43866,
	"steam": "STEAM_1:0:35837402",
	"name": "ricardoptg-",
	"position": 7,
	"level": 18,
	"medal": 2
}
{
	"matchid": 16541,
	"team": 1,
	"teamid": 12770,
	"playerid": 139595,
	"steam": "STEAM_1:1:52080207",
	"name": "ktz",
	"position": 3,
	"level": 19,
	"medal": 2
}
{
	"matchid": 16541,
	"team": 1,
	"teamid": 12770,
	"playerid": 924874,
	"steam": "STEAM_1:0:462217118",
	"name": "donjuanarmelito",
	"position": 4,
	"level": 19,
	"medal": 2,
	"connect": [
		"2019-03-09T20:13:04.764Z"
	],
	"connected": false,
	"disconnected": [
		"2019-03-09T21:14:14.402Z"
	]
}
{
	"matchid": 16541,
	"team": 1,
	"teamid": 12770,
	"playerid": 57070,
	"steam": "STEAM_1:1:60921752",
	"name": "JAP1",
	"position": 4,
	"level": 20,
	"medal": 2,
	"connect": [
		"2019-03-09T20:15:52.804Z"
	],
	"connected": false,
	"disconnected": [
		"2019-03-09T21:14:25.762Z"
	]
}
{
	"matchid": 16541,
	"team": 1,
	"teamid": 12770,
	"playerid": 659237,
	"steam": "STEAM_1:1:417808319",
	"name": "rick",
	"position": 5,
	"level": 18,
	"medal": 2
}
{
	"matchid": 16541,
	"team": 1,
	"teamid": 12770,
	"playerid": 114737,
	"steam": "STEAM_1:0:19290291",
	"name": "xrd'",
	"position": 1,
	"level": 15,
	"medal": 2,
	"connect": [
		"2019-03-09T20:22:42.449Z"
	],
	"connected": true
}
