{
	"matchid": 15171,
	"team": 2,
	"teamid": 92735,
	"playerid": 593751,
	"steam": "STEAM_1:0:421387298",
	"name": "-Fn$",
	"position": 4,
	"level": 12,
	"medal": 2,
	"connect": [
		"2019-02-21T23:33:42.944Z"
	],
	"connected": false,
	"disconnected": [
		"2019-02-22T00:17:53.855Z"
	]
}
{
	"matchid": 15171,
	"team": 2,
	"teamid": 92735,
	"playerid": 548364,
	"steam": "STEAM_1:1:193259513",
	"name": "? TrLz_",
	"position": 5,
	"level": 11,
	"medal": 2
}
{
	"matchid": 15171,
	"team": 1,
	"teamid": 12770,
	"playerid": 583016,
	"steam": "STEAM_1:1:39505396",
	"name": "probot *w99oldschool",
	"position": 6,
	"level": 18,
	"medal": 2,
	"connect": [
		"2019-02-21T23:33:08.341Z"
	],
	"connected": false,
	"disconnected": [
		"2019-02-22T00:16:34.162Z"
	]
}
{
	"matchid": 15171,
	"team": 2,
	"teamid": 92735,
	"playerid": 208240,
	"steam": "STEAM_1:0:180568158",
	"name": "75992693141",
	"position": 1,
	"level": 13,
	"medal": 2
}
{
	"matchid": 15171,
	"team": 1,
	"teamid": 12770,
	"playerid": 108712,
	"steam": "STEAM_1:1:121788606",
	"name": "CBNX-",
	"position": 4,
	"level": 19,
	"medal": 2
}
{
	"matchid": 15171,
	"team": 2,
	"teamid": 92735,
	"playerid": 939801,
	"steam": "STEAM_1:0:463827945",
	"name": "Jo_0y",
	"position": 6,
	"level": 18,
	"medal": 2,
	"connect": [
		"2019-02-21T23:32:39.207Z"
	],
	"connected": false,
	"disconnected": [
		"2019-02-22T00:16:37.702Z"
	]
}
{
	"matchid": 15171,
	"team": 1,
	"teamid": 12770,
	"playerid": 57070,
	"steam": "STEAM_1:1:60921752",
	"name": "gu1tR",
	"position": 4,
	"level": 20,
	"medal": 2,
	"connect": [
		"2019-02-21T23:33:51.805Z"
	],
	"connected": false,
	"disconnected": [
		"2019-02-22T00:16:39.500Z"
	]
}
{
	"matchid": 15171,
	"team": 2,
	"teamid": 92735,
	"playerid": 529804,
	"steam": "STEAM_1:1:238061599",
	"name": "LucasspyS-",
	"position": 7,
	"level": 13,
	"medal": 2,
	"connect": [
		"2019-02-21T23:34:11.144Z"
	],
	"connected": false,
	"disconnected": [
		"2019-02-22T00:16:34.742Z"
	]
}
{
	"matchid": 15171,
	"team": 1,
	"teamid": 12770,
	"playerid": 924874,
	"steam": "STEAM_1:0:462217118",
	"name": "kdnexe",
	"position": 4,
	"level": 20,
	"medal": 2,
	"connect": [
		"2019-02-21T23:33:31.367Z"
	],
	"connected": false,
	"disconnected": [
		"2019-02-22T00:16:29.626Z"
	]
}
{
	"matchid": 15171,
	"team": 2,
	"teamid": 92735,
	"playerid": 825040,
	"steam": "STEAM_1:1:5382438",
	"name": "mLost",
	"position": 2,
	"level": 16,
	"medal": 2,
	"connect": [
		"2019-02-21T23:36:34.318Z"
	],
	"connected": false,
	"disconnected": [
		"2019-02-22T00:16:56.856Z"
	]
}
{
	"matchid": 15171,
	"team": 1,
	"teamid": 12770,
	"playerid": 114737,
	"steam": "STEAM_1:0:19290291",
	"name": "xrd'",
	"position": 1,
	"level": 17,
	"medal": 2,
	"connect": [
		"2019-02-21T23:35:23.463Z"
	],
	"connected": false,
	"disconnected": [
		"2019-02-22T00:16:37.515Z"
	]
}
{
	"matchid": 15171,
	"team": 2,
	"teamid": 92735,
	"playerid": 89398,
	"steam": "STEAM_1:1:120407982",
	"name": "FugAAAGOD",
	"position": 1,
	"level": 14,
	"medal": 2,
	"connect": [
		"2019-02-21T23:32:40.116Z"
	],
	"connected": false,
	"disconnected": [
		"2019-02-22T00:17:07.501Z"
	]
}
{
	"matchid": 15171,
	"team": 1,
	"teamid": 12770,
	"playerid": 659237,
	"steam": "STEAM_1:1:417808319",
	"name": "rick",
	"position": 3,
	"level": 18,
	"medal": 2,
	"connect": [
		"2019-02-21T23:32:40.010Z"
	],
	"connected": false,
	"disconnected": [
		"2019-02-22T00:16:34.529Z"
	]
}
{
	"matchid": 15171,
	"team": 1,
	"teamid": 12770,
	"playerid": 130790,
	"steam": "STEAM_1:1:23740525",
	"name": "s:^",
	"position": 2,
	"level": 17,
	"medal": 2
}
