{
	"matchid": 13103,
	"team": 2,
	"teamid": 114094,
	"playerid": 221550,
	"steam": "STEAM_1:1:190879704",
	"name": "gordola$",
	"position": 3,
	"level": 16,
	"medal": 2,
	"connect": [
		"2019-01-30T00:35:05.112Z"
	],
	"connected": false,
	"disconnected": [
		"2019-01-30T01:45:10.784Z"
	]
}
{
	"matchid": 13103,
	"team": 1,
	"teamid": 72642,
	"playerid": 16230,
	"steam": "STEAM_1:1:101746244",
	"name": "giamcb !",
	"position": 1,
	"level": 17,
	"medal": 2,
	"connect": [
		"2019-01-30T00:36:40.914Z"
	],
	"connected": true
}
{
	"matchid": 13103,
	"team": 2,
	"teamid": 114094,
	"playerid": 897357,
	"steam": "STEAM_1:0:458702183",
	"name": "raytek",
	"position": 3,
	"level": 17,
	"medal": 2,
	"connect": [
		"2019-01-30T00:35:20.494Z"
	],
	"connected": false,
	"disconnected": [
		"2019-01-30T01:45:09.385Z"
	]
}
{
	"matchid": 13103,
	"team": 1,
	"teamid": 72642,
	"playerid": 87518,
	"steam": "STEAM_1:0:168946769",
	"name": "BNDZAO♥ -IP-",
	"position": 3,
	"level": 20,
	"medal": 2,
	"connect": [
		"2019-01-30T00:39:11.736Z"
	],
	"connected": false,
	"disconnected": [
		"2019-01-30T01:45:22.228Z"
	]
}
{
	"matchid": 13103,
	"team": 2,
	"teamid": 114094,
	"playerid": 765064,
	"steam": "STEAM_1:0:234078443",
	"name": "gaah",
	"position": 3,
	"level": 15,
	"medal": 2,
	"connect": [
		"2019-01-30T00:35:33.058Z"
	],
	"connected": false,
	"disconnected": [
		"2019-01-30T01:45:17.938Z"
	]
}
{
	"matchid": 13103,
	"team": 1,
	"teamid": 72642,
	"playerid": 438520,
	"steam": "STEAM_1:0:112144549",
	"name": "YUREEEEEEE",
	"position": 3,
	"level": 18,
	"medal": 2
}
{
	"matchid": 13103,
	"team": 2,
	"teamid": 114094,
	"playerid": 76156,
	"steam": "STEAM_1:0:50527578",
	"name": "JNR *",
	"position": 3,
	"level": 15,
	"medal": 2,
	"connect": [
		"2019-01-30T00:34:49.242Z"
	],
	"connected": false,
	"disconnected": [
		"2019-01-30T01:45:12.554Z"
	]
}
{
	"matchid": 13103,
	"team": 1,
	"teamid": 72642,
	"playerid": 96500,
	"steam": "STEAM_1:1:104121619",
	"name": "pdr",
	"position": 3,
	"level": 18,
	"medal": 2,
	"connect": [
		"2019-01-30T00:42:04.408Z"
	],
	"connected": false,
	"disconnected": [
		"2019-01-30T01:45:21.392Z"
	]
}
{
	"matchid": 13103,
	"team": 2,
	"teamid": 114094,
	"playerid": 37584,
	"steam": "STEAM_1:0:48691463",
	"name": "sense",
	"position": 3,
	"level": 16,
	"medal": 2,
	"connect": [
		"2019-01-30T00:35:02.549Z"
	],
	"connected": false,
	"disconnected": [
		"2019-01-30T01:45:06.813Z"
	]
}
{
	"matchid": 13103,
	"team": 1,
	"teamid": 72642,
	"playerid": 563296,
	"steam": "STEAM_1:0:154006033",
	"name": "Raidz1N",
	"position": 3,
	"level": 20,
	"medal": 2,
	"connect": [
		"2019-01-30T00:39:11.212Z"
	],
	"connected": false,
	"disconnected": [
		"2019-01-30T01:45:09.825Z"
	]
}
{
	"matchid": 13103,
	"team": 2,
	"teamid": 114094,
	"playerid": 148167,
	"steam": "STEAM_1:1:106564769",
	"name": "AtZ",
	"position": 3,
	"level": 15,
	"medal": 2
}
{
	"matchid": 13103,
	"team": 1,
	"teamid": 72642,
	"playerid": 334054,
	"steam": "STEAM_1:0:152915259",
	"name": "Flag",
	"position": 3,
	"level": 20,
	"medal": 2
}
{
	"matchid": 13103,
	"team": 2,
	"teamid": 114094,
	"playerid": 246513,
	"steam": "STEAM_1:1:50607245",
	"name": "Offline",
	"position": 3,
	"level": 18,
	"medal": 2
}
{
	"matchid": 13103,
	"steam": "STEAM_1:1:106513592",
	"level": 13,
	"medal": 2,
	"name": "BlurryFace",
	"playerid": 315683,
	"position": 3,
	"team": 1,
	"teamid": 72642,
	"connect": [
		"2019-01-30T00:57:20.409Z"
	],
	"connected": false,
	"disconnected": [
		"2019-01-30T01:46:25.381Z"
	]
}
