{
	"matchid": 15818,
	"team": 2,
	"teamid": 101558,
	"playerid": 815988,
	"steam": "STEAM_1:0:156005620",
	"name": "Oliveira",
	"position": 1,
	"level": 16,
	"medal": 2,
	"connect": [
		"2019-02-28T00:14:08.281Z"
	],
	"connected": false,
	"disconnected": [
		"2019-02-28T01:15:00.541Z"
	]
}
{
	"matchid": 15818,
	"team": 1,
	"teamid": 72642,
	"playerid": 16230,
	"steam": "STEAM_1:1:101746244",
	"name": "giamcb !",
	"position": 1,
	"level": 18,
	"medal": 2
}
{
	"matchid": 15818,
	"team": 2,
	"teamid": 101558,
	"playerid": 854082,
	"steam": "STEAM_1:1:2634431",
	"name": "STEEL™ #PrataMarket",
	"position": 6,
	"level": 14,
	"medal": 2,
	"connect": [
		"2019-02-28T00:32:37.326Z"
	],
	"connected": false,
	"disconnected": [
		"2019-02-28T01:15:01.316Z"
	]
}
{
	"matchid": 15818,
	"team": 1,
	"teamid": 72642,
	"playerid": 87518,
	"steam": "STEAM_1:0:168946769",
	"name": "BNdTeT",
	"position": 3,
	"level": 20,
	"medal": 2,
	"connect": [
		"2019-02-28T00:15:20.901Z"
	],
	"connected": false,
	"disconnected": [
		"2019-02-28T01:15:14.834Z"
	]
}
{
	"matchid": 15818,
	"team": 2,
	"teamid": 101558,
	"playerid": 380354,
	"steam": "STEAM_1:1:175468436",
	"name": "Mav; #PrataMarket",
	"position": 3,
	"level": 12,
	"medal": 2,
	"connect": [
		"2019-02-28T00:16:54.381Z"
	],
	"connected": false,
	"disconnected": [
		"2019-02-28T01:15:54.431Z"
	]
}
{
	"matchid": 15818,
	"team": 1,
	"teamid": 72642,
	"playerid": 96500,
	"steam": "STEAM_1:1:104121619",
	"name": "pdr",
	"position": 3,
	"level": 15,
	"medal": 2,
	"connect": [
		"2019-02-28T00:22:02.973Z"
	],
	"connected": false,
	"disconnected": [
		"2019-02-28T01:15:00.071Z"
	]
}
{
	"matchid": 15818,
	"team": 2,
	"teamid": 101558,
	"playerid": 815176,
	"steam": "STEAM_1:0:444367074",
	"name": "index;",
	"position": 4,
	"level": 18,
	"medal": 2,
	"connect": [
		"2019-02-28T00:17:07.958Z"
	],
	"connected": false,
	"disconnected": [
		"2019-02-28T01:15:06.750Z"
	]
}
{
	"matchid": 15818,
	"team": 1,
	"teamid": 72642,
	"playerid": 91956,
	"steam": "STEAM_1:0:25924954",
	"name": "GuiKao",
	"position": 3,
	"level": 14,
	"medal": 2
}
{
	"matchid": 15818,
	"team": 2,
	"teamid": 101558,
	"playerid": 13005,
	"steam": "STEAM_1:0:80174883",
	"name": "jv ♥ #pratamarket",
	"position": 3,
	"level": 14,
	"medal": 2,
	"connect": [
		"2019-02-28T00:21:51.482Z"
	],
	"connected": false,
	"disconnected": [
		"2019-02-28T01:14:56.452Z"
	]
}
{
	"matchid": 15818,
	"team": 1,
	"teamid": 72642,
	"playerid": 191365,
	"steam": "STEAM_1:0:117413513",
	"name": "noway",
	"position": 3,
	"level": 18,
	"medal": 2
}
{
	"matchid": 15818,
	"team": 2,
	"teamid": 101558,
	"playerid": 798219,
	"steam": "STEAM_1:0:69151727",
	"name": "SouzaGamer",
	"position": 8,
	"level": 11,
	"medal": 2
}
{
	"matchid": 15818,
	"team": 1,
	"teamid": 72642,
	"playerid": 36728,
	"steam": "STEAM_1:0:81565296",
	"name": "neNz1e",
	"position": 3,
	"level": 20,
	"medal": 2
}
{
	"matchid": 15818,
	"team": 1,
	"teamid": 72642,
	"playerid": 63268,
	"steam": "STEAM_1:1:121497842",
	"name": "Forkizera",
	"position": 3,
	"level": 20,
	"medal": 2,
	"connect": [
		"2019-02-28T00:17:16.708Z"
	],
	"connected": false,
	"disconnected": [
		"2019-02-28T01:15:04.899Z"
	]
}
{
	"matchid": 15818,
	"team": 1,
	"teamid": 72642,
	"playerid": 316361,
	"steam": "STEAM_1:0:136848856",
	"name": "dudE fb/dudeskins",
	"position": 3,
	"level": 20,
	"medal": 2
}
{
	"matchid": 15818,
	"team": 1,
	"teamid": 72642,
	"playerid": 232178,
	"steam": "STEAM_1:1:18525637",
	"name": "gangsta paradise",
	"position": 3,
	"level": 20,
	"medal": 2,
	"connect": [
		"2019-02-28T00:19:09.250Z"
	],
	"connected": false,
	"disconnected": [
		"2019-02-28T01:15:02.126Z"
	]
}
{
	"matchid": 15818,
	"steam": "STEAM_1:0:53406366",
	"level": 19,
	"medal": 2,
	"name": "felipr",
	"playerid": 52631,
	"position": 3,
	"team": 1,
	"teamid": 72642,
	"connect": [
		"2019-02-28T00:20:06.894Z"
	],
	"connected": false,
	"disconnected": [
		"2019-02-28T01:14:56.243Z"
	]
}
