{
	"matchid": 14932,
	"team": 2,
	"teamid": 12770,
	"playerid": 583016,
	"steam": "STEAM_1:1:39505396",
	"name": "probot *w99oldschool",
	"position": 6,
	"level": 18,
	"medal": 2,
	"connect": [
		"2019-02-20T01:00:10.701Z"
	],
	"connected": false,
	"disconnected": [
		"2019-02-20T01:51:47.650Z"
	]
}
{
	"matchid": 14932,
	"team": 1,
	"teamid": 118365,
	"playerid": 150043,
	"steam": "STEAM_1:0:47623564",
	"name": "tr1nREX",
	"position": 4,
	"level": 20,
	"medal": 2,
	"connect": [
		"2019-02-20T01:01:01.545Z"
	],
	"connected": false,
	"disconnected": [
		"2019-02-20T01:50:52.567Z"
	]
}
{
	"matchid": 14932,
	"team": 2,
	"teamid": 12770,
	"playerid": 57070,
	"steam": "STEAM_1:1:60921752",
	"name": "gu1tR",
	"position": 4,
	"level": 20,
	"medal": 2,
	"connect": [
		"2019-02-20T01:00:29.591Z"
	],
	"connected": false,
	"disconnected": [
		"2019-02-20T01:51:49.811Z"
	]
}
{
	"matchid": 14932,
	"team": 1,
	"teamid": 118365,
	"playerid": 128182,
	"steam": "STEAM_1:0:147518831",
	"name": "jooaozada",
	"position": 4,
	"level": 20,
	"medal": 2,
	"connect": [
		"2019-02-20T01:01:13.327Z"
	],
	"connected": false,
	"disconnected": [
		"2019-02-20T01:51:50.531Z"
	]
}
{
	"matchid": 14932,
	"team": 1,
	"teamid": 118365,
	"playerid": 316628,
	"steam": "STEAM_1:1:203395063",
	"name": "rdmL",
	"position": 4,
	"level": 20,
	"medal": 2,
	"connect": [
		"2019-02-20T00:59:55.806Z"
	],
	"connected": false,
	"disconnected": [
		"2019-02-20T01:51:51.485Z"
	]
}
{
	"matchid": 14932,
	"team": 2,
	"teamid": 12770,
	"playerid": 812797,
	"steam": "STEAM_1:1:447676763",
	"name": "prnMONSTER",
	"position": 4,
	"level": 20,
	"medal": 2,
	"connect": [
		"2019-02-20T01:00:15.581Z"
	],
	"connected": false,
	"disconnected": [
		"2019-02-20T01:51:45.070Z"
	]
}
{
	"matchid": 14932,
	"team": 1,
	"teamid": 118365,
	"playerid": 554241,
	"steam": "STEAM_1:1:60270169",
	"name": "xitus",
	"position": 4,
	"level": 20,
	"medal": 2,
	"connect": [
		"2019-02-20T00:59:56.381Z"
	],
	"connected": false,
	"disconnected": [
		"2019-02-20T01:51:44.430Z"
	]
}
{
	"matchid": 14932,
	"team": 2,
	"teamid": 12770,
	"playerid": 924874,
	"steam": "STEAM_1:0:462217118",
	"name": "kdnexe",
	"position": 4,
	"level": 20,
	"medal": 2,
	"connect": [
		"2019-02-20T01:00:20.086Z"
	],
	"connected": false,
	"disconnected": [
		"2019-02-20T01:51:46.800Z"
	]
}
{
	"matchid": 14932,
	"team": 1,
	"teamid": 118365,
	"playerid": 56308,
	"steam": "STEAM_1:1:121431894",
	"name": "mtsGOD",
	"position": 6,
	"level": 20,
	"medal": 2,
	"connect": [
		"2019-02-20T00:59:56.575Z"
	],
	"connected": false,
	"disconnected": [
		"2019-02-20T01:51:44.124Z"
	]
}
{
	"matchid": 14932,
	"team": 2,
	"teamid": 12770,
	"playerid": 114737,
	"steam": "STEAM_1:0:19290291",
	"name": "xrd'",
	"position": 3,
	"level": 17,
	"medal": 2,
	"connect": [
		"2019-02-20T01:01:48.260Z"
	],
	"connected": false,
	"disconnected": [
		"2019-02-20T01:52:01.345Z"
	]
}
{
	"matchid": 14932,
	"team": 2,
	"teamid": 12770,
	"playerid": 130790,
	"steam": "STEAM_1:1:23740525",
	"name": "s:^",
	"position": 2,
	"level": 18,
	"medal": 2
}
{
	"matchid": 14932,
	"team": 2,
	"teamid": 12770,
	"playerid": 432637,
	"steam": "STEAM_1:1:220265260",
	"name": "abda",
	"position": 3,
	"level": 18,
	"medal": 2
}
{
	"matchid": 14932,
	"team": 2,
	"teamid": 12770,
	"playerid": 659237,
	"steam": "STEAM_1:1:417808319",
	"name": "rick",
	"position": 3,
	"level": 18,
	"medal": 2
}
