{
	"matchid": 13177,
	"team": 1,
	"teamid": 72642,
	"playerid": 16230,
	"steam": "STEAM_1:1:101746244",
	"name": "giamcb !",
	"position": 1,
	"level": 17,
	"medal": 2,
	"connect": [
		"2019-01-31T00:30:28.032Z"
	],
	"connected": false,
	"disconnected": [
		"2019-01-31T02:10:13.551Z"
	]
}
{
	"matchid": 13177,
	"team": 2,
	"teamid": 77506,
	"playerid": 321224,
	"steam": "STEAM_1:0:18888416",
	"name": "nasc",
	"position": 1,
	"level": 13,
	"medal": 2,
	"connect": [
		"2019-01-31T00:30:36.087Z"
	],
	"connected": false,
	"disconnected": [
		"2019-01-31T02:09:33.919Z"
	]
}
{
	"matchid": 13177,
	"team": 1,
	"teamid": 72642,
	"playerid": 87518,
	"steam": "STEAM_1:0:168946769",
	"name": "BNDZAO♥ -IP-",
	"position": 3,
	"level": 20,
	"medal": 2
}
{
	"matchid": 13177,
	"team": 2,
	"teamid": 77506,
	"playerid": 406403,
	"steam": "STEAM_1:1:195483510",
	"name": "ZION L",
	"position": 6,
	"level": 16,
	"medal": 2,
	"connect": [
		"2019-01-31T00:31:47.229Z"
	],
	"connected": false,
	"disconnected": [
		"2019-01-31T02:09:38.122Z"
	]
}
{
	"matchid": 13177,
	"team": 1,
	"teamid": 72642,
	"playerid": 438520,
	"steam": "STEAM_1:0:112144549",
	"name": "YUREEEEEEE",
	"position": 3,
	"level": 18,
	"medal": 2
}
{
	"matchid": 13177,
	"team": 2,
	"teamid": 77506,
	"playerid": 137315,
	"steam": "STEAM_1:1:109234378",
	"name": "TrUnk$",
	"position": 3,
	"level": 15,
	"medal": 2,
	"connect": [
		"2019-01-31T00:31:17.229Z"
	],
	"connected": false,
	"disconnected": [
		"2019-01-31T02:09:38.888Z"
	]
}
{
	"matchid": 13177,
	"team": 1,
	"teamid": 72642,
	"playerid": 96500,
	"steam": "STEAM_1:1:104121619",
	"name": "pdr",
	"position": 3,
	"level": 18,
	"medal": 2,
	"connect": [
		"2019-01-31T00:51:25.402Z",
		"2019-01-31T01:49:21.862Z"
	],
	"connected": false,
	"disconnected": [
		"2019-01-31T01:43:07.694Z",
		"2019-01-31T02:09:42.277Z"
	]
}
{
	"matchid": 13177,
	"team": 2,
	"teamid": 77506,
	"playerid": 179856,
	"steam": "STEAM_1:0:82176472",
	"name": "P b K",
	"position": 5,
	"level": 13,
	"medal": 2
}
{
	"matchid": 13177,
	"team": 1,
	"teamid": 72642,
	"playerid": 563296,
	"steam": "STEAM_1:0:154006033",
	"name": "Raidz1N",
	"position": 3,
	"level": 20,
	"medal": 2
}
{
	"matchid": 13177,
	"team": 2,
	"teamid": 77506,
	"playerid": 427803,
	"steam": "STEAM_1:0:212546429",
	"name": "Snow",
	"position": 4,
	"level": 12,
	"medal": 2
}
{
	"matchid": 13177,
	"team": 1,
	"teamid": 72642,
	"playerid": 334054,
	"steam": "STEAM_1:0:152915259",
	"name": "Flag",
	"position": 3,
	"level": 20,
	"medal": 2
}
{
	"matchid": 13177,
	"team": 2,
	"teamid": 77506,
	"playerid": 11253,
	"steam": "STEAM_1:1:83740051",
	"name": "DgO",
	"position": 3,
	"level": 13,
	"medal": 2
}
{
	"matchid": 13177,
	"team": 1,
	"teamid": 72642,
	"playerid": 315683,
	"steam": "STEAM_1:1:106513592",
	"name": "BlurryFace",
	"position": 3,
	"level": 13,
	"medal": 2,
	"connect": [
		"2019-01-31T00:33:03.142Z"
	],
	"connected": false,
	"disconnected": [
		"2019-01-31T02:10:14.004Z"
	]
}
{
	"matchid": 13177,
	"team": 2,
	"teamid": 77506,
	"playerid": 385472,
	"steam": "STEAM_1:1:4652231",
	"name": "elemeNt",
	"position": 3,
	"level": 13,
	"medal": 2,
	"connect": [
		"2019-01-31T00:32:03.565Z"
	],
	"connected": false,
	"disconnected": [
		"2019-01-31T02:09:42.598Z"
	]
}
{
	"matchid": 13177,
	"team": 2,
	"teamid": 77506,
	"playerid": 410241,
	"steam": "STEAM_1:1:49963755",
	"name": ".rrG",
	"position": 3,
	"level": 14,
	"medal": 2,
	"connect": [
		"2019-01-31T00:30:59.292Z"
	],
	"connected": false,
	"disconnected": [
		"2019-01-31T02:09:41.114Z"
	]
}
{
	"matchid": 13177,
	"steam": "STEAM_1:0:25924954",
	"level": 15,
	"medal": 2,
	"name": "appK",
	"playerid": 91956,
	"position": 3,
	"team": 1,
	"teamid": 72642,
	"connect": [
		"2019-01-31T00:55:47.641Z"
	],
	"connected": false,
	"disconnected": [
		"2019-01-31T02:09:50.685Z"
	]
}
{
	"matchid": 13177,
	"steam": "STEAM_1:0:426495526",
	"level": 20,
	"medal": 2,
	"name": "cebola",
	"playerid": 652895,
	"position": 3,
	"team": 1,
	"teamid": 72642,
	"connect": [
		"2019-01-31T01:02:02.168Z"
	],
	"connected": false,
	"disconnected": [
		"2019-01-31T02:09:43.105Z"
	]
}
