{
	"matchid": 11651,
	"team": 2,
	"teamid": 104542,
	"playerid": 82444,
	"steam": "STEAM_1:1:32722064",
	"name": "rood",
	"position": 6,
	"level": 20,
	"medal": 2,
	"connect": [
		"2019-01-14T22:56:21.234Z",
		"2019-01-15T00:18:05.833Z"
	],
	"connected": true,
	"disconnected": [
		"2019-01-15T00:17:32.566Z"
	]
}
{
	"matchid": 11651,
	"team": 1,
	"teamid": 76382,
	"playerid": 171,
	"steam": "STEAM_1:0:44764353",
	"name": "DeStiNy",
	"position": 4,
	"level": 20,
	"medal": 2
}
{
	"matchid": 11651,
	"team": 2,
	"teamid": 104542,
	"playerid": 522194,
	"steam": "STEAM_1:0:238171869",
	"name": "f4stzin",
	"position": 4,
	"level": 20,
	"medal": 2,
	"connect": [
		"2019-01-14T22:56:41.487Z"
	],
	"connected": true
}
{
	"matchid": 11651,
	"team": 1,
	"teamid": 76382,
	"playerid": 17455,
	"steam": "STEAM_1:0:17418242",
	"name": "tatazin",
	"position": 2,
	"level": -20,
	"medal": 2,
	"connect": [
		"2019-01-14T22:57:47.193Z"
	],
	"connected": true
}
{
	"matchid": 11651,
	"team": 2,
	"teamid": 104542,
	"playerid": 1758,
	"steam": "STEAM_1:0:54287979",
	"name": "ArnoZ1K4",
	"position": 7,
	"level": 17,
	"medal": 2,
	"connect": [
		"2019-01-14T22:57:01.739Z"
	],
	"connected": false,
	"disconnected": [
		"2019-01-15T00:17:42.379Z"
	]
}
{
	"matchid": 11651,
	"team": 1,
	"teamid": 76382,
	"playerid": 7773,
	"steam": "STEAM_1:0:89523495",
	"name": "land1nSJ",
	"position": 1,
	"level": 20,
	"medal": 2,
	"connect": [
		"2019-01-14T22:58:35.853Z",
		"2019-01-14T23:00:19.225Z",
		"2019-01-14T23:01:41.861Z"
	],
	"connected": true,
	"disconnected": [
		"2019-01-14T23:00:18.604Z",
		"2019-01-14T23:00:56.573Z"
	]
}
{
	"matchid": 11651,
	"team": 2,
	"teamid": 104542,
	"playerid": 39476,
	"steam": "STEAM_1:1:117029794",
	"name": "dumau",
	"position": 3,
	"level": 20,
	"medal": 2,
	"connect": [
		"2019-01-14T23:01:58.472Z"
	],
	"connected": true
}
{
	"matchid": 11651,
	"team": 1,
	"teamid": 76382,
	"playerid": 271,
	"steam": "STEAM_1:1:16197887",
	"name": "ellllll",
	"position": 7,
	"level": 20,
	"medal": 2,
	"connect": [
		"2019-01-14T22:56:06.918Z"
	],
	"connected": true
}
{
	"matchid": 11651,
	"team": 2,
	"teamid": 104542,
	"playerid": 15387,
	"steam": "STEAM_1:0:58191101",
	"name": "Dropzera^_^",
	"position": 1,
	"level": 20,
	"medal": 2,
	"connect": [
		"2019-01-14T22:57:27.357Z"
	],
	"connected": false,
	"disconnected": [
		"2019-01-15T00:17:30.181Z"
	]
}
{
	"matchid": 11651,
	"team": 1,
	"teamid": 76382,
	"playerid": 11444,
	"steam": "STEAM_1:0:32656568",
	"name": "PKL",
	"position": 6,
	"level": 20,
	"medal": 2,
	"connect": [
		"2019-01-14T22:56:34.980Z",
		"2019-01-14T23:05:03.656Z",
		"2019-01-14T23:19:57.738Z",
		"2019-01-14T23:29:19.682Z",
		"2019-01-14T23:30:22.861Z"
	],
	"connected": true,
	"disconnected": [
		"2019-01-14T23:02:47.204Z",
		"2019-01-14T23:19:20.636Z",
		"2019-01-14T23:26:17.959Z",
		"2019-01-14T23:29:26.052Z"
	]
}
{
	"matchid": 11651,
	"team": 2,
	"teamid": 104542,
	"playerid": 2108,
	"steam": "STEAM_1:0:29624606",
	"name": "fra$AN",
	"position": 2,
	"level": 20,
	"medal": 2,
	"connect": [
		"2019-01-14T22:55:36.318Z"
	],
	"connected": true
}
{
	"matchid": 11651,
	"team": 1,
	"teamid": 76382,
	"playerid": 30853,
	"steam": "STEAM_1:0:27521578",
	"name": "biguzera",
	"position": 3,
	"level": 20,
	"medal": 2,
	"connect": [
		"2019-01-14T22:58:17.517Z",
		"2019-01-14T23:36:50.393Z",
		"2019-01-14T23:44:29.305Z"
	],
	"connected": true,
	"disconnected": [
		"2019-01-14T23:35:37.814Z",
		"2019-01-14T23:42:54.097Z"
	]
}
{
	"matchid": 11651,
	"team": 2,
	"teamid": 104542,
	"playerid": 708204,
	"steam": "STEAM_1:0:432972076",
	"name": "poseidoN",
	"position": 3,
	"level": 20,
	"medal": 2
}
{
	"matchid": 11651,
	"team": 1,
	"teamid": 76382,
	"playerid": 15159,
	"steam": "STEAM_1:0:100707721",
	"name": "maxcel",
	"position": 3,
	"level": 20,
	"medal": 2,
	"connect": [
		"2019-01-14T22:59:23.949Z"
	],
	"connected": true
}
