{
	"matchid": 14711,
	"team": 1,
	"teamid": 7177,
	"playerid": 12362,
	"steam": "STEAM_1:0:13736549",
	"name": "KENSHEX",
	"position": 6,
	"level": 19,
	"medal": 2,
	"connect": [
		"2019-02-18T21:46:32.749Z",
		"2019-02-18T21:47:44.240Z",
		"2019-02-18T21:48:23.984Z",
		"2019-02-18T21:49:29.711Z",
		"2019-02-18T22:46:06.662Z"
	],
	"connected": true,
	"disconnected": [
		"2019-02-18T21:46:45.736Z",
		"2019-02-18T21:47:59.967Z",
		"2019-02-18T21:49:29.461Z",
		"2019-02-18T22:43:28.689Z"
	]
}
{
	"matchid": 14711,
	"team": 1,
	"teamid": 7177,
	"playerid": 177080,
	"steam": "STEAM_1:0:15972520",
	"name": "and",
	"position": 7,
	"level": 19,
	"medal": 2,
	"connect": [
		"2019-02-18T21:49:19.299Z"
	],
	"connected": true
}
{
	"matchid": 14711,
	"team": 2,
	"teamid": 9216,
	"playerid": 17360,
	"steam": "STEAM_1:1:20287575",
	"name": "YJ*",
	"position": 2,
	"level": 20,
	"medal": 2,
	"connect": [
		"2019-02-18T21:56:51.163Z",
		"2019-02-18T21:57:30.449Z",
		"2019-02-18T21:58:31.200Z",
		"2019-02-18T22:13:03.610Z",
		"2019-02-18T22:50:04.478Z",
		"2019-02-18T22:51:00.528Z",
		"2019-02-18T23:19:28.266Z"
	],
	"connected": true,
	"disconnected": [
		"2019-02-18T21:57:30.356Z",
		"2019-02-18T21:58:31.104Z",
		"2019-02-18T22:01:26.640Z",
		"2019-02-18T22:49:26.248Z",
		"2019-02-18T22:50:12.931Z",
		"2019-02-18T23:14:21.065Z"
	]
}
{
	"matchid": 14711,
	"team": 0,
	"teamid": 0,
	"playerid": 764578,
	"steam": "STEAM_1:1:237028185",
	"name": "Observer",
	"position": 1,
	"level": -1,
	"medal": 2,
	"connect": [
		"2019-02-18T21:46:52.710Z"
	],
	"connected": true
}
{
	"matchid": 14711,
	"team": 2,
	"teamid": 9216,
	"playerid": 16540,
	"steam": "STEAM_1:0:34109747",
	"name": "raafa",
	"position": 1,
	"level": 20,
	"medal": 2,
	"connect": [
		"2019-02-18T21:58:51.407Z",
		"2019-02-18T22:12:50.612Z",
		"2019-02-18T22:13:51.840Z",
		"2019-02-18T22:17:49.358Z",
		"2019-02-18T23:18:34.870Z",
		"2019-02-18T23:19:56.111Z",
		"2019-02-18T23:21:15.526Z"
	],
	"connected": true,
	"disconnected": [
		"2019-02-18T22:01:26.006Z",
		"2019-02-18T22:12:59.293Z",
		"2019-02-18T22:14:00.924Z",
		"2019-02-18T23:14:21.171Z",
		"2019-02-18T23:18:50.964Z",
		"2019-02-18T23:20:04.517Z"
	]
}
{
	"matchid": 14711,
	"team": 1,
	"teamid": 7177,
	"playerid": 133415,
	"steam": "STEAM_1:1:17311137",
	"name": "danoco",
	"position": 3,
	"level": 20,
	"medal": 2,
	"connect": [
		"2019-02-18T21:52:40.001Z",
		"2019-02-18T22:12:02.517Z"
	],
	"connected": false,
	"disconnected": [
		"2019-02-18T22:04:48.289Z",
		"2019-02-18T23:30:58.346Z"
	]
}
{
	"matchid": 14711,
	"team": 2,
	"teamid": 9216,
	"playerid": 22078,
	"steam": "STEAM_1:1:17289477",
	"name": "ryotzz",
	"position": 4,
	"level": 20,
	"medal": 2,
	"connect": [
		"2019-02-18T21:50:27.359Z",
		"2019-02-18T22:07:53.946Z",
		"2019-02-18T22:10:56.088Z",
		"2019-02-18T22:20:06.502Z",
		"2019-02-18T23:19:34.533Z",
		"2019-02-18T23:26:54.166Z"
	],
	"connected": true,
	"disconnected": [
		"2019-02-18T22:01:26.542Z",
		"2019-02-18T22:08:00.290Z",
		"2019-02-18T22:19:46.773Z",
		"2019-02-18T23:14:20.854Z",
		"2019-02-18T23:19:42.534Z"
	]
}
{
	"matchid": 14711,
	"team": 1,
	"teamid": 7177,
	"playerid": 24134,
	"steam": "STEAM_1:0:17317279",
	"name": "dukka",
	"position": 3,
	"level": 20,
	"medal": 2,
	"connect": [
		"2019-02-18T21:50:59.488Z",
		"2019-02-18T22:09:29.394Z",
		"2019-02-18T22:19:32.927Z",
		"2019-02-18T23:14:52.001Z"
	],
	"connected": false,
	"disconnected": [
		"2019-02-18T22:07:36.985Z",
		"2019-02-18T22:18:47.058Z",
		"2019-02-18T23:12:15.526Z",
		"2019-02-18T23:30:56.584Z"
	]
}
{
	"matchid": 14711,
	"team": 2,
	"teamid": 9216,
	"playerid": 75566,
	"steam": "STEAM_1:0:42728365",
	"name": "pancc",
	"position": 5,
	"level": 20,
	"medal": 2,
	"connect": [
		"2019-02-18T21:59:30.900Z",
		"2019-02-18T21:59:53.509Z",
		"2019-02-18T22:11:06.157Z",
		"2019-02-18T22:26:30.471Z",
		"2019-02-18T23:19:44.947Z"
	],
	"connected": true,
	"disconnected": [
		"2019-02-18T21:59:44.662Z",
		"2019-02-18T21:59:59.150Z",
		"2019-02-18T22:26:06.521Z",
		"2019-02-18T23:14:20.073Z"
	]
}
{
	"matchid": 14711,
	"team": 1,
	"teamid": 7177,
	"playerid": 28534,
	"steam": "STEAM_1:1:126935941",
	"name": "skuld-'",
	"position": 3,
	"level": 20,
	"medal": 2,
	"connect": [
		"2019-02-18T21:49:41.028Z",
		"2019-02-18T22:05:42.498Z",
		"2019-02-18T22:09:29.238Z",
		"2019-02-18T23:14:05.962Z",
		"2019-02-18T23:31:01.703Z"
	],
	"connected": true,
	"disconnected": [
		"2019-02-18T22:04:59.818Z",
		"2019-02-18T22:06:45.568Z",
		"2019-02-18T23:11:33.810Z",
		"2019-02-18T23:30:58.823Z"
	]
}
{
	"matchid": 14711,
	"team": 2,
	"teamid": 9216,
	"playerid": 17550,
	"steam": "STEAM_1:1:36562780",
	"name": "peu",
	"position": 7,
	"level": -17,
	"medal": 2,
	"connect": [
		"2019-02-18T21:42:29.615Z",
		"2019-02-18T22:14:00.720Z",
		"2019-02-18T23:21:13.549Z"
	],
	"connected": false,
	"disconnected": [
		"2019-02-18T22:01:26.439Z",
		"2019-02-18T23:14:20.182Z",
		"2019-02-18T23:31:09.104Z"
	]
}
{
	"matchid": 14711,
	"team": 1,
	"teamid": 7177,
	"playerid": 107771,
	"steam": "STEAM_1:0:173656431",
	"name": "RMN",
	"position": 3,
	"level": 20,
	"medal": 2,
	"connect": [
		"2019-02-18T21:47:48.312Z",
		"2019-02-18T21:49:01.147Z",
		"2019-02-18T21:53:49.383Z"
	],
	"connected": true,
	"disconnected": [
		"2019-02-18T21:48:39.851Z",
		"2019-02-18T21:49:06.257Z"
	]
}
{
	"matchid": 14711,
	"team": 2,
	"teamid": 9216,
	"playerid": 13373,
	"steam": "STEAM_1:1:22332370",
	"name": "realziN",
	"position": 3,
	"level": 20,
	"medal": 2,
	"connect": [
		"2019-02-18T21:44:53.203Z",
		"2019-02-18T22:11:36.924Z",
		"2019-02-18T22:20:38.284Z",
		"2019-02-18T23:18:59.725Z"
	],
	"connected": true,
	"disconnected": [
		"2019-02-18T22:01:25.901Z",
		"2019-02-18T22:20:20.390Z",
		"2019-02-18T23:14:20.956Z"
	]
}
{
	"matchid": 14711,
	"team": 2,
	"teamid": 9216,
	"playerid": 49,
	"steam": "STEAM_1:0:29056836",
	"name": "boltz",
	"position": 3,
	"level": 20,
	"medal": 2
}
