{
	"matchid": 11987,
	"team": 1,
	"teamid": 76382,
	"playerid": 17455,
	"steam": "STEAM_1:0:17418242",
	"name": "tatazin",
	"position": 2,
	"level": 20,
	"medal": 2,
	"connect": [
		"2019-01-20T19:53:25.712Z"
	],
	"connected": true
}
{
	"matchid": 11987,
	"team": 2,
	"teamid": 7177,
	"playerid": 12362,
	"steam": "STEAM_1:0:13736549",
	"name": "KENSHEX",
	"position": 6,
	"level": 20,
	"medal": 2,
	"connect": [
		"2019-01-20T19:40:32.475Z",
		"2019-01-20T19:58:14.548Z"
	],
	"connected": false,
	"disconnected": [
		"2019-01-20T19:41:28.774Z",
		"2019-01-20T21:02:34.513Z"
	]
}
{
	"matchid": 11987,
	"team": 1,
	"teamid": 76382,
	"playerid": 7773,
	"steam": "STEAM_1:0:89523495",
	"name": "land1n",
	"position": 1,
	"level": 20,
	"medal": 2,
	"connect": [
		"2019-01-20T19:54:01.510Z"
	],
	"connected": true
}
{
	"matchid": 11987,
	"team": 2,
	"teamid": 7177,
	"playerid": 177080,
	"steam": "STEAM_1:0:15972520",
	"name": "and-sfd-",
	"position": 7,
	"level": 19,
	"medal": 2,
	"connect": [
		"2019-01-20T19:44:52.000Z",
		"2019-01-20T19:45:54.985Z"
	],
	"connected": true,
	"disconnected": [
		"2019-01-20T19:45:02.257Z"
	]
}
{
	"matchid": 11987,
	"team": 2,
	"teamid": 7177,
	"playerid": 133415,
	"steam": "STEAM_1:1:17311137",
	"name": "danoco",
	"position": 3,
	"level": 20,
	"medal": 2,
	"connect": [
		"2019-01-20T19:47:44.206Z"
	],
	"connected": true
}
{
	"matchid": 11987,
	"team": 1,
	"teamid": 76382,
	"playerid": 271,
	"steam": "STEAM_1:1:16197887",
	"name": "ellllll",
	"position": 7,
	"level": 20,
	"medal": 2,
	"connect": [
		"2019-01-20T19:51:49.841Z"
	],
	"connected": true
}
{
	"matchid": 11987,
	"team": 2,
	"teamid": 7177,
	"playerid": 24134,
	"steam": "STEAM_1:0:17317279",
	"name": "dukk4q",
	"position": 3,
	"level": 20,
	"medal": 2,
	"connect": [
		"2019-01-20T19:42:12.069Z",
		"2019-01-20T19:45:00.178Z",
		"2019-01-20T19:46:47.113Z"
	],
	"connected": true,
	"disconnected": [
		"2019-01-20T19:42:23.042Z",
		"2019-01-20T19:45:05.316Z"
	]
}
{
	"matchid": 11987,
	"team": 1,
	"teamid": 76382,
	"playerid": 11444,
	"steam": "STEAM_1:0:32656568",
	"name": "PKL",
	"position": 6,
	"level": 20,
	"medal": 2,
	"connect": [
		"2019-01-20T19:57:54.712Z"
	],
	"connected": true
}
{
	"matchid": 11987,
	"team": 1,
	"teamid": 76382,
	"playerid": 15159,
	"steam": "STEAM_1:0:100707721",
	"name": "maxcel",
	"position": 3,
	"level": 20,
	"medal": 2,
	"connect": [
		"2019-01-20T19:55:29.954Z",
		"2019-01-20T19:56:26.547Z",
		"2019-01-20T19:57:51.368Z"
	],
	"connected": true,
	"disconnected": [
		"2019-01-20T19:55:45.698Z",
		"2019-01-20T19:57:04.087Z"
	]
}
{
	"matchid": 11987,
	"team": 2,
	"teamid": 7177,
	"playerid": 28534,
	"steam": "STEAM_1:1:126935941",
	"name": "skuld-'",
	"position": 3,
	"level": 20,
	"medal": 2,
	"connect": [
		"2019-01-20T19:49:55.714Z",
		"2019-01-20T19:54:50.720Z",
		"2019-01-20T20:20:40.945Z"
	],
	"connected": false,
	"disconnected": [
		"2019-01-20T19:50:29.741Z",
		"2019-01-20T20:20:35.064Z",
		"2019-01-20T21:02:35.866Z"
	]
}
{
	"matchid": 11987,
	"team": 2,
	"teamid": 7177,
	"playerid": 107771,
	"steam": "STEAM_1:0:173656431",
	"name": "RMN",
	"position": 3,
	"level": 20,
	"medal": 2,
	"connect": [
		"2019-01-20T19:42:25.194Z",
		"2019-01-20T19:43:39.865Z"
	],
	"connected": true,
	"disconnected": [
		"2019-01-20T19:42:35.651Z"
	]
}
{
	"matchid": 11987,
	"steam": "STEAM_1:0:27521578",
	"level": 20,
	"medal": 2,
	"name": "biguzera",
	"playerid": 30853,
	"position": 3,
	"team": 1,
	"teamid": 76382,
	"connect": [
		"2019-01-20T19:59:49.970Z"
	],
	"connected": true
}
