{
	"matchid": 12185,
	"team": 2,
	"teamid": 116212,
	"playerid": 726319,
	"steam": "STEAM_1:0:426177486",
	"name": "Ronin",
	"position": 8,
	"level": 5,
	"medal": 2,
	"connect": [
		"2019-01-21T23:01:07.212Z"
	],
	"connected": true
}
{
	"matchid": 12185,
	"team": 1,
	"teamid": 116054,
	"playerid": 820010,
	"steam": "STEAM_1:1:186392536",
	"name": "Biel",
	"position": 1,
	"level": 4,
	"medal": 2,
	"connect": [
		"2019-01-21T23:05:18.506Z"
	],
	"connected": true
}
{
	"matchid": 12185,
	"team": 1,
	"teamid": 116054,
	"playerid": 403210,
	"steam": "STEAM_1:1:206172397",
	"name": "777",
	"position": 1,
	"level": 10,
	"medal": 2,
	"connect": [
		"2019-01-21T23:03:41.589Z"
	],
	"connected": false,
	"disconnected": [
		"2019-01-21T23:47:59.629Z"
	]
}
{
	"matchid": 12185,
	"team": 2,
	"teamid": 116212,
	"playerid": 623250,
	"steam": "STEAM_1:0:419686569",
	"name": ".Prof",
	"position": 7,
	"level": 2,
	"medal": 2,
	"connect": [
		"2019-01-21T23:01:11.298Z",
		"2019-01-21T23:02:14.154Z"
	],
	"connected": false,
	"disconnected": [
		"2019-01-21T23:01:49.788Z",
		"2019-01-21T23:48:18.000Z"
	]
}
{
	"matchid": 12185,
	"team": 1,
	"teamid": 116054,
	"playerid": 259442,
	"steam": "STEAM_1:1:170217979",
	"name": "p_mrC",
	"position": 4,
	"level": 8,
	"medal": 2
}
{
	"matchid": 12185,
	"team": 2,
	"teamid": 116212,
	"playerid": 506109,
	"steam": "STEAM_1:1:127783163",
	"name": "[...]",
	"position": 6,
	"level": 7,
	"medal": 2,
	"connect": [
		"2019-01-21T23:01:55.992Z"
	],
	"connected": false,
	"disconnected": [
		"2019-01-21T23:48:40.060Z"
	]
}
{
	"matchid": 12185,
	"team": 1,
	"teamid": 116054,
	"playerid": 573691,
	"steam": "STEAM_1:1:242388770",
	"name": "ReVooLTz",
	"position": 3,
	"level": 5,
	"medal": 2,
	"connect": [
		"2019-01-21T23:01:28.394Z"
	],
	"connected": false,
	"disconnected": [
		"2019-01-21T23:48:12.851Z"
	]
}
{
	"matchid": 12185,
	"team": 2,
	"teamid": 116212,
	"playerid": 623749,
	"steam": "STEAM_1:0:419693230",
	"name": "MBelo",
	"position": 3,
	"level": 7,
	"medal": 2,
	"connect": [
		"2019-01-21T23:01:08.150Z"
	],
	"connected": false,
	"disconnected": [
		"2019-01-21T23:48:08.396Z"
	]
}
{
	"matchid": 12185,
	"team": 1,
	"teamid": 116054,
	"playerid": 414735,
	"steam": "STEAM_1:0:126576810",
	"name": "Dudu",
	"position": 3,
	"level": 10,
	"medal": 2
}
{
	"matchid": 12185,
	"team": 2,
	"teamid": 116212,
	"playerid": 623722,
	"steam": "STEAM_1:0:182029840",
	"name": "tutabelo",
	"position": 4,
	"level": 4,
	"medal": 2,
	"connect": [
		"2019-01-21T23:02:15.286Z"
	],
	"connected": false,
	"disconnected": [
		"2019-01-21T23:48:18.160Z"
	]
}
{
	"matchid": 12185,
	"team": 1,
	"teamid": 116054,
	"playerid": 663068,
	"steam": "STEAM_1:0:27403261",
	"name": "TKO",
	"position": 5,
	"level": 10,
	"medal": 2,
	"connect": [
		"2019-01-21T23:01:11.569Z"
	],
	"connected": false,
	"disconnected": [
		"2019-01-21T23:48:04.184Z"
	]
}
{
	"matchid": 12185,
	"team": 2,
	"teamid": 116212,
	"playerid": 782541,
	"steam": "STEAM_1:0:436455789",
	"name": "C4ruzo",
	"position": 3,
	"level": 9,
	"medal": 2,
	"connect": [
		"2019-01-21T23:01:13.310Z"
	],
	"connected": false,
	"disconnected": [
		"2019-01-21T23:49:44.960Z"
	]
}
{
	"matchid": 12185,
	"team": 1,
	"teamid": 116054,
	"playerid": 881560,
	"steam": "STEAM_1:1:456612480",
	"name": "BrianD",
	"position": 7,
	"level": 10,
	"medal": 2,
	"connect": [
		"2019-01-21T23:09:58.129Z"
	],
	"connected": false,
	"disconnected": [
		"2019-01-21T23:48:11.741Z"
	]
}
{
	"matchid": 12185,
	"team": 1,
	"teamid": 116054,
	"playerid": 708683,
	"steam": "STEAM_1:1:186264533",
	"name": "dav1zer4",
	"position": 6,
	"level": 8,
	"medal": 2,
	"connect": [
		"2019-01-21T23:00:56.141Z",
		"2019-01-21T23:03:50.461Z",
		"2019-01-21T23:05:39.109Z",
		"2019-01-21T23:06:47.938Z"
	],
	"connected": false,
	"disconnected": [
		"2019-01-21T23:01:14.709Z",
		"2019-01-21T23:04:42.494Z",
		"2019-01-21T23:05:49.469Z",
		"2019-01-21T23:47:57.711Z"
	]
}
