{
	"matchid": 15745,
	"team": 2,
	"teamid": 107581,
	"playerid": 89407,
	"steam": "STEAM_1:1:41100297",
	"name": "toguziN",
	"position": 3,
	"level": 20,
	"medal": 2,
	"connect": [
		"2019-02-26T23:05:23.427Z"
	],
	"connected": false,
	"disconnected": [
		"2019-02-26T23:48:18.315Z"
	]
}
{
	"matchid": 15745,
	"team": 1,
	"teamid": 84342,
	"playerid": 138987,
	"steam": "STEAM_1:1:1784054",
	"name": "KOOL^",
	"position": 6,
	"level": 18,
	"medal": 2,
	"connect": [
		"2019-02-26T23:02:49.717Z"
	],
	"connected": false,
	"disconnected": [
		"2019-02-26T23:48:14.460Z"
	]
}
{
	"matchid": 15745,
	"team": 2,
	"teamid": 107581,
	"playerid": 35938,
	"steam": "STEAM_1:0:42243268",
	"name": "EXPERT",
	"position": 3,
	"level": 20,
	"medal": 2,
	"connect": [
		"2019-02-26T23:07:45.540Z",
		"2019-02-26T23:19:36.166Z"
	],
	"connected": false,
	"disconnected": [
		"2019-02-26T23:19:35.248Z",
		"2019-02-26T23:48:24.265Z"
	]
}
{
	"matchid": 15745,
	"team": 1,
	"teamid": 84342,
	"playerid": 105380,
	"steam": "STEAM_1:1:373905",
	"name": "Nesstop?",
	"position": 3,
	"level": 16,
	"medal": 2,
	"connect": [
		"2019-02-26T23:03:04.726Z",
		"2019-02-26T23:15:11.915Z"
	],
	"connected": false,
	"disconnected": [
		"2019-02-26T23:13:18.275Z",
		"2019-02-26T23:48:14.662Z"
	]
}
{
	"matchid": 15745,
	"team": 2,
	"teamid": 107581,
	"playerid": 189256,
	"steam": "STEAM_1:1:88815649",
	"name": "punished",
	"position": 3,
	"level": 20,
	"medal": 2,
	"connect": [
		"2019-02-26T23:04:32.089Z"
	],
	"connected": false,
	"disconnected": [
		"2019-02-26T23:12:31.890Z"
	]
}
{
	"matchid": 15745,
	"team": 1,
	"teamid": 84342,
	"playerid": 420177,
	"steam": "STEAM_1:1:2128537",
	"name": "DK",
	"position": 1,
	"level": 17,
	"medal": 2,
	"connect": [
		"2019-02-26T23:03:35.262Z",
		"2019-02-26T23:17:44.884Z"
	],
	"connected": false,
	"disconnected": [
		"2019-02-26T23:17:24.453Z",
		"2019-02-26T23:48:13.250Z"
	]
}
{
	"matchid": 15745,
	"team": 2,
	"teamid": 107581,
	"playerid": 23018,
	"steam": "STEAM_1:0:80190327",
	"name": "ped",
	"position": 3,
	"level": 20,
	"medal": 2,
	"connect": [
		"2019-02-26T23:04:30.108Z"
	],
	"connected": false,
	"disconnected": [
		"2019-02-26T23:48:18.529Z"
	]
}
{
	"matchid": 15745,
	"team": 1,
	"teamid": 84342,
	"playerid": 12558,
	"steam": "STEAM_1:1:54706841",
	"name": "SMOKAAAAAOOOOOOOOOOOOOOOOOOOOOOOOOOOO",
	"position": 3,
	"level": 17,
	"medal": 2,
	"connect": [
		"2019-02-26T23:02:44.454Z"
	],
	"connected": false,
	"disconnected": [
		"2019-02-26T23:48:18.889Z"
	]
}
{
	"matchid": 15745,
	"team": 2,
	"teamid": 107581,
	"playerid": 29963,
	"steam": "STEAM_1:0:80652214",
	"name": "DexteR",
	"position": 3,
	"level": 20,
	"medal": 2,
	"connect": [
		"2019-02-26T23:05:28.513Z"
	],
	"connected": false,
	"disconnected": [
		"2019-02-26T23:48:24.789Z"
	]
}
{
	"matchid": 15745,
	"team": 1,
	"teamid": 84342,
	"playerid": 420183,
	"steam": "STEAM_1:0:1344510",
	"name": "PRNA",
	"position": 4,
	"level": 17,
	"medal": 2,
	"connect": [
		"2019-02-26T23:02:58.467Z"
	],
	"connected": false,
	"disconnected": [
		"2019-02-26T23:48:22.283Z"
	]
}
{
	"matchid": 15745,
	"team": 2,
	"teamid": 107581,
	"playerid": 26044,
	"steam": "STEAM_1:0:101716241",
	"name": "aizer",
	"position": 3,
	"level": 20,
	"medal": 2,
	"connect": [
		"2019-02-26T23:17:52.366Z"
	],
	"connected": false,
	"disconnected": [
		"2019-02-26T23:48:24.569Z"
	]
}
{
	"matchid": 15745,
	"team": 1,
	"teamid": 84342,
	"playerid": 266043,
	"steam": "STEAM_1:1:2911547",
	"name": "Hoo Lee Schitt",
	"position": 5,
	"level": 14,
	"medal": 2
}
{
	"matchid": 15745,
	"team": 1,
	"teamid": 84342,
	"playerid": 578570,
	"steam": "STEAM_1:0:48653927",
	"name": "eLecT*",
	"position": 8,
	"level": 16,
	"medal": 2
}
