{
	"matchid": 11781,
	"team": 1,
	"teamid": 7177,
	"playerid": 12362,
	"steam": "STEAM_1:0:13736549",
	"name": "KENSHEX",
	"position": 6,
	"level": 20,
	"medal": 2,
	"connected": false,
	"disconnected": [
		"2019-01-18T02:13:27.622Z"
	]
}
{
	"matchid": 11781,
	"team": 1,
	"teamid": 7177,
	"playerid": 177080,
	"steam": "STEAM_1:0:15972520",
	"name": "and-sfd-",
	"position": 7,
	"level": 20,
	"medal": 2,
	"connected": false,
	"disconnected": [
		"2019-01-18T01:24:47.941Z",
		"2019-01-18T02:13:29.645Z"
	],
	"connect": [
		"2019-01-18T01:24:48.772Z"
	]
}
{
	"matchid": 11781,
	"team": 2,
	"teamid": 9216,
	"playerid": 17360,
	"steam": "STEAM_1:1:20287575",
	"name": "YJ*",
	"position": 2,
	"level": 20,
	"medal": 2,
	"connected": false,
	"disconnected": [
		"2019-01-18T02:13:24.781Z"
	]
}
{
	"matchid": 11781,
	"team": 1,
	"teamid": 7177,
	"playerid": 133415,
	"steam": "STEAM_1:1:17311137",
	"name": "danoco",
	"position": 3,
	"level": 20,
	"medal": 2,
	"connect": [
		"2019-01-18T01:21:23.387Z",
		"2019-01-18T02:02:05.585Z"
	],
	"connected": true,
	"disconnected": [
		"2019-01-18T02:01:34.901Z"
	]
}
{
	"matchid": 11781,
	"team": 2,
	"teamid": 9216,
	"playerid": 16540,
	"steam": "STEAM_1:0:34109747",
	"name": "raafa",
	"position": 1,
	"level": 20,
	"medal": 2,
	"connected": false,
	"disconnected": [
		"2019-01-18T02:13:26.872Z"
	]
}
{
	"matchid": 11781,
	"team": 1,
	"teamid": 7177,
	"playerid": 24134,
	"steam": "STEAM_1:0:17317279",
	"name": "dukk4q",
	"position": 3,
	"level": 20,
	"medal": 2,
	"connected": false,
	"disconnected": [
		"2019-01-18T01:25:26.154Z",
		"2019-01-18T02:13:26.964Z"
	],
	"connect": [
		"2019-01-18T01:25:26.811Z"
	]
}
{
	"matchid": 11781,
	"team": 2,
	"teamid": 9216,
	"playerid": 22078,
	"steam": "STEAM_1:1:17289477",
	"name": "ryotzz",
	"position": 4,
	"level": 20,
	"medal": 2,
	"connected": false,
	"disconnected": [
		"2019-01-18T02:13:26.061Z"
	]
}
{
	"matchid": 11781,
	"team": 1,
	"teamid": 7177,
	"playerid": 28534,
	"steam": "STEAM_1:1:126935941",
	"name": "skuld-'",
	"position": 3,
	"level": 20,
	"medal": 2,
	"connected": false,
	"disconnected": [
		"2019-01-18T02:13:29.453Z"
	]
}
{
	"matchid": 11781,
	"team": 2,
	"teamid": 9216,
	"playerid": 75566,
	"steam": "STEAM_1:0:42728365",
	"name": "pancc",
	"position": 5,
	"level": 20,
	"medal": 2
}
{
	"matchid": 11781,
	"team": 1,
	"teamid": 7177,
	"playerid": 107771,
	"steam": "STEAM_1:0:173656431",
	"name": "RMN",
	"position": 3,
	"level": 20,
	"medal": 2
}
{
	"matchid": 11781,
	"team": 2,
	"teamid": 9216,
	"playerid": 17550,
	"steam": "STEAM_1:1:36562780",
	"name": "peu",
	"position": 7,
	"level": 17,
	"medal": 2,
	"connected": false,
	"disconnected": [
		"2019-01-18T02:13:40.880Z"
	]
}
{
	"matchid": 11781,
	"team": 2,
	"teamid": 9216,
	"playerid": 13373,
	"steam": "STEAM_1:1:22332370",
	"name": "realziN",
	"position": 3,
	"level": 20,
	"medal": 2,
	"connected": false,
	"disconnected": [
		"2019-01-18T01:14:37.834Z",
		"2019-01-18T02:13:25.214Z"
	],
	"connect": [
		"2019-01-18T01:14:46.387Z"
	]
}
{
	"matchid": 11781,
	"team": 2,
	"teamid": 9216,
	"playerid": 49,
	"steam": "STEAM_1:0:29056836",
	"name": "boltz",
	"position": 3,
	"level": 20,
	"medal": 2,
	"connected": false,
	"disconnected": [
		"2019-01-18T02:13:26.630Z"
	]
}
